{
    "loss": 8.817644119262695,
    "accuracy": 0.6029607653617859
}